,Player,PlayerURL
1,Nicolás Otamendi,https://fbref.com/req/202302030/images/headshots/0d267745_2022.jpg
2,Lionel Messi,https://fbref.com/req/202302030/images/headshots/d70ce98e_2022.jpg
3,Leandro Paredes,https://fbref.com/req/202302030/images/headshots/dff153a4_2022.jpg
4,Lautaro Martínez,https://fbref.com/req/202302030/images/headshots/f7036e1c_2022.jpg
5,Emiliano Martínez,https://fbref.com/req/202302030/images/headshots/7956236f_2022.jpg
6,Nahuel Molina,https://fbref.com/req/202302030/images/headshots/23610943_2022.jpg
7,Marcos Acuña,https://fbref.com/req/202302030/images/headshots/81442ecb_2022.jpg
8,Ángel Di María,https://fbref.com/req/202302030/images/headshots/19cda00b_2022.jpg
9,Nicolás Tagliafico,https://fbref.com/req/202302030/images/headshots/f0661424_2022.jpg
10,Gonzalo Montiel,https://fbref.com/req/202302030/images/headshots/374d5158_2022.jpg
11,Cristian Romero,https://fbref.com/req/202302030/images/headshots/a3d94a58_2022.jpg
12,Germán Pezzella,https://fbref.com/req/202302030/images/headshots/8c725b43_2022.jpg
13,Guido Rodríguez,https://fbref.com/req/202302030/images/headshots/34e393f2_2022.jpg
14,Papu Gómez,https://fbref.com/req/202302030/images/headshots/6e4df551_2022.jpg
15,Lisandro Martínez,https://fbref.com/req/202302030/images/headshots/bac46a10_2022.jpg
16,Exequiel Palacios,https://fbref.com/req/202302030/images/headshots/e82adcab_2022.jpg
17,Alexis Mac Allister,https://fbref.com/req/202302030/images/headshots/83d074ff_2022.jpg
18,Julián Álvarez,https://fbref.com/req/202302030/images/headshots/15ab5a2b_2022.jpg
19,Juan Foyth,https://fbref.com/req/202302030/images/headshots/6c7762c3_2022.jpg
20,Paulo Dybala,https://fbref.com/req/202302030/images/headshots/e0921a4f_2022.jpg
21,Ángel Correa,https://fbref.com/req/202302030/images/headshots/01eb744d_2022.jpg
22,Ajdin Hrustic,https://fbref.com/req/202302030/images/headshots/1f2d714c_2022.jpg
23,Jackson Irvine,https://fbref.com/req/202302030/images/headshots/4637747c_2022.jpg
24,Aaron Mooy,https://fbref.com/req/202302030/images/headshots/47b7e3af_2022.jpg
25,Kye Rowles,https://fbref.com/req/202302030/images/headshots/8caf6772_2022.jpg
26,Bailey Wright,https://fbref.com/req/202302030/images/headshots/4be70ecf_2022.jpg
27,Aziz Behich,https://fbref.com/req/202302030/images/headshots/b6867b96_2022.jpg
28,Mathew Ryan,https://fbref.com/req/202302030/images/headshots/4535e4bb_2022.jpg
29,Nathaniel Atkinson,https://fbref.com/req/202302030/images/headshots/51caa1f0_2022.jpg
30,Mathew Leckie,https://fbref.com/req/202302030/images/headshots/b93b7882_2022.jpg
31,Mitchell Duke,https://fbref.com/req/202302030/images/headshots/293f5bf9_2022.jpg
32,Awer Mabil,https://fbref.com/req/202302030/images/headshots/922da988_2022.jpg
33,Jamie Maclaren,https://fbref.com/req/202302030/images/headshots/2a8ba67e_2022.jpg
34,Fran Karačić,https://fbref.com/req/202302030/images/headshots/e2f8c69c_2022.jpg
35,Craig Goodwin,https://fbref.com/req/202302030/images/headshots/b2741e3d_2022.jpg
36,Miloš Degenek,https://fbref.com/req/202302030/images/headshots/c8e65157_2022.jpg
37,Riley McGree,https://fbref.com/req/202302030/images/headshots/59d61727_2022.jpg
38,Toby Alderweireld,https://fbref.com/req/202302030/images/headshots/f7d50789_2022.jpg
39,Thibaut Courtois,https://fbref.com/req/202302030/images/headshots/1840e36d_2022.jpg
40,Jan Vertonghen,https://fbref.com/req/202302030/images/headshots/ba23a904_2022.jpg
41,Timothy Castagne,https://fbref.com/req/202302030/images/headshots/197640fd_2022.jpg
42,Youri Tielemans,https://fbref.com/req/202302030/images/headshots/56f7a928_2022.jpg
43,Axel Witsel,https://fbref.com/req/202302030/images/headshots/5dfc6ad5_2022.jpg
44,Kevin De Bruyne,https://fbref.com/req/202302030/images/headshots/e46012d4_2022.jpg
45,Romelu Lukaku,https://fbref.com/req/202302030/images/headshots/5eae500a_2022.jpg
46,Thomas Meunier,https://fbref.com/req/202302030/images/headshots/e162b013_2022.jpg
47,Leandro Trossard,https://fbref.com/req/202302030/images/headshots/38ceb24a_2022.jpg
48,Thorgan Hazard,https://fbref.com/req/202302030/images/headshots/50871bcc_2022.jpg
49,Eden Hazard,https://fbref.com/req/202302030/images/headshots/a39bb753_2022.jpg
50,Yannick Carrasco,https://fbref.com/req/202302030/images/headshots/de39485a_2022.jpg
51,Leander Dendoncker,https://fbref.com/req/202302030/images/headshots/5a7301ae_2022.jpg
52,Dries Mertens,https://fbref.com/req/202302030/images/headshots/89b2c8a9_2022.jpg
53,Michy Batshuayi,https://fbref.com/req/202302030/images/headshots/2973d8ff_2022.jpg
54,Jeremy Doku,https://fbref.com/req/202302030/images/headshots/fffea3e5_2022.jpg
55,Charles De Ketelaere,https://fbref.com/req/202302030/images/headshots/2ef7c612_2022.jpg
56,Marquinhos,https://fbref.com/req/202302030/images/headshots/d5f2f82b_2022.jpg
57,Danilo,https://fbref.com/req/202302030/images/headshots/94b2001f_2022.jpg
58,Lucas Paquetá,https://fbref.com/req/202302030/images/headshots/9b6f7fd5_2022.jpg
59,Neymar,https://fbref.com/req/202302030/images/headshots/69384e5d_2022.jpg
60,Thiago Silva,https://fbref.com/req/202302030/images/headshots/86e7deaf_2022.jpg
61,Alex Sandro,https://fbref.com/req/202302030/images/headshots/0d82903c_2022.jpg
62,Casemiro,https://fbref.com/req/202302030/images/headshots/4d224fe8_2022.jpg
63,Alisson,https://fbref.com/req/202302030/images/headshots/7a2e46a8_2022.jpg
64,Éder Militão,https://fbref.com/req/202302030/images/headshots/2784f898_2022.jpg
65,Fred,https://fbref.com/req/202302030/images/headshots/b853e0ad_2022.jpg
66,Gabriel Jesus,https://fbref.com/req/202302030/images/headshots/b66315ae_2022.jpg
67,Fabinho,https://fbref.com/req/202302030/images/headshots/7f3b388c_2022.jpg
68,Richarlison,https://fbref.com/req/202302030/images/headshots/fa031b34_2022.jpg
69,Ederson,https://fbref.com/req/202302030/images/headshots/3bb7b8b4_2022.jpg
70,Raphinha,https://fbref.com/req/202302030/images/headshots/3423f250_2022.jpg
71,Vinicius Júnior,https://fbref.com/req/202302030/images/headshots/7111d552_2022.jpg
72,Everton Ribeiro,https://fbref.com/req/202302030/images/headshots/68fb50a2_2022.jpg
73,Wéverton,https://fbref.com/req/202302030/images/headshots/81be82e9_2022.jpg
74,Antony,https://fbref.com/req/202302030/images/headshots/99127249_2022.jpg
75,Dani Alves,https://fbref.com/req/202302030/images/headshots/c9e99e49_2022.jpg
76,Alex Telles,https://fbref.com/req/202302030/images/headshots/e73c9bb2_2022.jpg
77,Bruno Guimarães,https://fbref.com/req/202302030/images/headshots/82518f62_2022.jpg
78,Rodrygo,https://fbref.com/req/202302030/images/headshots/8f5e92a6_2022.jpg
79,Martinelli,https://fbref.com/req/202302030/images/headshots/48a5a5d6_2022.jpg
80,Pedro,https://fbref.com/req/202302030/images/headshots/1ab6fad3_2022.jpg
81,Martin Hongla,https://fbref.com/req/202302030/images/headshots/b85bf253_2022.jpg
82,Karl Toko Ekambi,https://fbref.com/req/202302030/images/headshots/5ceba7fc_2022.jpg
83,Vincent Aboubakar,https://fbref.com/req/202302030/images/headshots/8637e09a_2022.jpg
84,Moumi Ngamaleu,https://fbref.com/req/202302030/images/headshots/0193a8bf_2022.jpg
85,Collins Fai,https://fbref.com/req/202302030/images/headshots/46e58246_2022.jpg
86,Andre-Frank Zambo Anguissa,https://fbref.com/req/202302030/images/headshots/6bb2c084_2022.jpg
87,Nouhou Tolo,https://fbref.com/req/202302030/images/headshots/0796512f_2022.jpg
88,Eric Maxim Choupo-Moting,https://fbref.com/req/202302030/images/headshots/0e6bc38c_2022.jpg
89,André Onana,https://fbref.com/req/202302030/images/headshots/e9c0c1b2_2022.jpg
90,Samuel Oum Gouet,https://fbref.com/req/202302030/images/headshots/b82359be_2022.jpg
91,Devis Epassy,https://fbref.com/req/202302030/images/headshots/e171b085_2022.jpg
92,Jean-Charles Castelletto,https://fbref.com/req/202302030/images/headshots/e0f3a1f6_2022.jpg
93,Pierre Kunde,https://fbref.com/req/202302030/images/headshots/9ceb7642_2022.jpg
94,Christian Bassogog,https://fbref.com/req/202302030/images/headshots/395cd1d9_2022.jpg
95,Gaël Ondoua,https://fbref.com/req/202302030/images/headshots/7c41b738_2022.jpg
96,Alistair Johnston,https://fbref.com/req/202302030/images/headshots/4fb17e20_2022.jpg
97,Jonathan David,https://fbref.com/req/202302030/images/headshots/ce50fd99_2022.jpg
98,Stephen Eustáquio,https://fbref.com/req/202302030/images/headshots/577efaec_2022.jpg
99,Milan Borjan,https://fbref.com/req/202302030/images/headshots/5e8936be_2022.jpg
100,Richie Laryea,https://fbref.com/req/202302030/images/headshots/276fdbe4_2022.jpg
101,Tajon Buchanan,https://fbref.com/req/202302030/images/headshots/3aca6420_2022.jpg
102,Alphonso Davies,https://fbref.com/req/202302030/images/headshots/d781d855_2022.jpg
103,Cyle Larin,https://fbref.com/req/202302030/images/headshots/e7af9060_2022.jpg
104,Sam Adekugbe,https://fbref.com/req/202302030/images/headshots/7f2309be_2022.jpg
105,Steven Vitória,https://fbref.com/req/202302030/images/headshots/9bc450e6_2022.jpg
106,Jonathan Osorio,https://fbref.com/req/202302030/images/headshots/70106ff6_2022.jpg
107,Mark-Anthony Kaye,https://fbref.com/req/202302030/images/headshots/36a38acd_2022.jpg
108,Kamal Miller,https://fbref.com/req/202302030/images/headshots/0646bd8a_2022.jpg
109,Atiba Hutchinson,https://fbref.com/req/202302030/images/headshots/f1b55719_2022.jpg
110,Junior Hoilett,https://fbref.com/req/202302030/images/headshots/33af5b9e_2022.jpg
111,Liam Millar,https://fbref.com/req/202302030/images/headshots/983515f8_2022.jpg
112,Lucas Cavallini,https://fbref.com/req/202302030/images/headshots/dd8de641_2022.jpg
113,David Wotherspoon,https://fbref.com/req/202302030/images/headshots/e9a9b1fa_2022.jpg
114,Ismaël Koné,https://fbref.com/req/202302030/images/headshots/e0220b70_2022.jpg
115,Francisco Calvo,https://fbref.com/req/202302030/images/headshots/706bd23f_2022.jpg
116,Anthony Contreras,https://fbref.com/req/202302030/images/headshots/d05ca2cc_2022.jpg
117,Óscar Duarte,https://fbref.com/req/202302030/images/headshots/aa0ac32d_2022.jpg
118,Keylor Navas,https://fbref.com/req/202302030/images/headshots/ecada4fc_2022.jpg
119,Bryan Oviedo,https://fbref.com/req/202302030/images/headshots/31faf295_2022.jpg
120,Yeltsin Tejeda,https://fbref.com/req/202302030/images/headshots/74319b04_2022.jpg
121,Joel Campbell,https://fbref.com/req/202302030/images/headshots/895ff3ca_2022.jpg
122,Celso Borges,https://fbref.com/req/202302030/images/headshots/b8836910_2022.jpg
123,Jewison Bennette,https://fbref.com/req/202302030/images/headshots/58f5704e_2022.jpg
124,Keysher Fuller,https://fbref.com/req/202302030/images/headshots/78019e88_2022.jpg
125,Gerson Torres,https://fbref.com/req/202302030/images/headshots/d56713ff_2022.jpg
126,Carlos Martínez,https://fbref.com/req/202302030/images/headshots/9acb9d76_2022.jpg
127,Bryan Ruiz,https://fbref.com/req/202302030/images/headshots/fa6292e2_2022.jpg
128,Kendall Waston,https://fbref.com/req/202302030/images/headshots/02ea59b0_2022.jpg
129,Daniel Chacón,https://fbref.com/req/202302030/images/headshots/065a00d5_2022.jpg
130,Johan Venegas,https://fbref.com/req/202302030/images/headshots/5eadd340_2022.jpg
131,Brandon Aguilera,https://fbref.com/req/202302030/images/headshots/938fa024_2022.jpg
132,Juan Pablo Vargas,https://fbref.com/req/202302030/images/headshots/e22564a0_2022.jpg
133,Marcelo Brozović,https://fbref.com/req/202302030/images/headshots/33b8d077_2022.jpg
134,Ivan Perišić,https://fbref.com/req/202302030/images/headshots/6fe90922_2022.jpg
135,Andrej Kramarić,https://fbref.com/req/202302030/images/headshots/603cb947_2022.jpg
136,Mario Pašalić,https://fbref.com/req/202302030/images/headshots/e599253a_2022.jpg
137,Josip Juranović,https://fbref.com/req/202302030/images/headshots/0a084b35_2022.jpg
138,Nikola Vlašić,https://fbref.com/req/202302030/images/headshots/aa8e289e_2022.jpg
139,Dominik Livaković,https://fbref.com/req/202302030/images/headshots/58f077c0_2022.jpg
140,Luka Modrić,https://fbref.com/req/202302030/images/headshots/6025fab1_2022.jpg
141,Dejan Lovren,https://fbref.com/req/202302030/images/headshots/1a2935f6_2022.jpg
142,Mateo Kovačić,https://fbref.com/req/202302030/images/headshots/79c0821a_2022.jpg
143,Borna Sosa,https://fbref.com/req/202302030/images/headshots/af0d79a9_2022.jpg
144,Joško Gvardiol,https://fbref.com/req/202302030/images/headshots/5ad50391_2022.jpg
145,Borna Barišić,https://fbref.com/req/202302030/images/headshots/712dd708_2022.jpg
146,Mislav Oršić,https://fbref.com/req/202302030/images/headshots/ee950928_2022.jpg
147,Josip Stanišić,https://fbref.com/req/202302030/images/headshots/7ed08d5c_2022.jpg
148,Ante Budimir,https://fbref.com/req/202302030/images/headshots/8f3565b3_2022.jpg
149,Marko Livaja,https://fbref.com/req/202302030/images/headshots/6e5497ca_2022.jpg
150,Lovro Majer,https://fbref.com/req/202302030/images/headshots/fc46aab1_2022.jpg
151,Bruno Petković,https://fbref.com/req/202302030/images/headshots/24228180_2022.jpg
152,Kristijan Jakić,https://fbref.com/req/202302030/images/headshots/a8ee54ad_2022.jpg
153,Kasper Schmeichel,https://fbref.com/req/202302030/images/headshots/53af52f3_2022.jpg
154,Andreas Christensen,https://fbref.com/req/202302030/images/headshots/1cb49278_2022.jpg
155,Joakim Mæhle,https://fbref.com/req/202302030/images/headshots/c459a650_2022.jpg
156,Simon Kjær,https://fbref.com/req/202302030/images/headshots/8b8a56ce_2022.jpg
157,Andreas Skov Olsen,https://fbref.com/req/202302030/images/headshots/c50cee19_2022.jpg
158,Thomas Delaney,https://fbref.com/req/202302030/images/headshots/fe641c1a_2022.jpg
159,Pierre Højbjerg,https://fbref.com/req/202302030/images/headshots/8b04d6c1_2022.jpg
160,Mikkel Damsgaard,https://fbref.com/req/202302030/images/headshots/215f3907_2022.jpg
161,Christian Nørgaard,https://fbref.com/req/202302030/images/headshots/df0a4c90_2022.jpg
162,Joachim Andersen,https://fbref.com/req/202302030/images/headshots/e34fc66d_2022.jpg
163,Mathias Jensen,https://fbref.com/req/202302030/images/headshots/0f134faf_2022.jpg
164,Christian Eriksen,https://fbref.com/req/202302030/images/headshots/980522ec_2022.jpg
165,Martin Braithwaite,https://fbref.com/req/202302030/images/headshots/fd771f95_2022.jpg
166,Rasmus Nissen,https://fbref.com/req/202302030/images/headshots/39769cff_2022.jpg
167,Kasper Dolberg,https://fbref.com/req/202302030/images/headshots/cc83b74d_2022.jpg
168,Andreas Cornelius,https://fbref.com/req/202302030/images/headshots/c693347d_2022.jpg
169,Victor Nelsson,https://fbref.com/req/202302030/images/headshots/e53b5534_2022.jpg
170,Jesper Lindstrøm,https://fbref.com/req/202302030/images/headshots/37dc1a48_2022.jpg
171,Robert Skov,https://fbref.com/req/202302030/images/headshots/ff98492b_2022.jpg
172,Alexander Bah,https://fbref.com/req/202302030/images/headshots/78f21137_2022.jpg
173,Pervis Estupiñán,https://fbref.com/req/202302030/images/headshots/d38fdf53_2022.jpg
174,Carlos Gruezo,https://fbref.com/req/202302030/images/headshots/f2dd9a21_2022.jpg
175,Moisés Caicedo,https://fbref.com/req/202302030/images/headshots/16264a81_2022.jpg
176,Michael Estrada,https://fbref.com/req/202302030/images/headshots/773f5f12_2022.jpg
177,Piero Hincapié,https://fbref.com/req/202302030/images/headshots/0c7a48f8_2022.jpg
178,Félix Torres Caicedo,https://fbref.com/req/202302030/images/headshots/c0a8860f_2022.jpg
179,Enner Valencia,https://fbref.com/req/202302030/images/headshots/fb485406_2022.jpg
180,Ángelo Preciado,https://fbref.com/req/202302030/images/headshots/eadc8e4f_2022.jpg
181,Gonzalo Plata,https://fbref.com/req/202302030/images/headshots/54bcdeb0_2022.jpg
182,Alan Franco,https://fbref.com/req/202302030/images/headshots/c76b161b_2022.jpg
183,Hernán Galíndez,https://fbref.com/req/202302030/images/headshots/89c136f6_2022.jpg
184,Jhegson Méndez,https://fbref.com/req/202302030/images/headshots/db0c5324_2022.jpg
185,Jeremy Sarmiento,https://fbref.com/req/202302030/images/headshots/ac0d576d_2022.jpg
186,Romario Ibarra,https://fbref.com/req/202302030/images/headshots/b494ccf5_2022.jpg
187,José Cifuentes,https://fbref.com/req/202302030/images/headshots/8c8c07a7_2022.jpg
188,Djorkaeff Reasco,https://fbref.com/req/202302030/images/headshots/5d7b7f0e_2022.jpg
189,Jackson Porozo,https://fbref.com/req/202302030/images/headshots/7d704e92_2022.jpg
190,John Stones,https://fbref.com/req/202302030/images/headshots/5eecec3d_2022.jpg
191,Harry Kane,https://fbref.com/req/202302030/images/headshots/21a66f6a_2022.jpg
192,Raheem Sterling,https://fbref.com/req/202302030/images/headshots/b400bde0_2022.jpg
193,Kalvin Phillips,https://fbref.com/req/202302030/images/headshots/4f565d77_2022.jpg
194,Kyle Walker,https://fbref.com/req/202302030/images/headshots/86dd77d1_2022.jpg
195,Mason Mount,https://fbref.com/req/202302030/images/headshots/9674002f_2022.jpg
196,Phil Foden,https://fbref.com/req/202302030/images/headshots/ed1e53f3_2022.jpg
197,Harry Maguire,https://fbref.com/req/202302030/images/headshots/d8931174_2022.jpg
198,Declan Rice,https://fbref.com/req/202302030/images/headshots/1c7012b8_2022.jpg
199,Jordan Pickford,https://fbref.com/req/202302030/images/headshots/4806ec67_2022.jpg
200,Luke Shaw,https://fbref.com/req/202302030/images/headshots/9c94165b_2022.jpg
201,Jack Grealish,https://fbref.com/req/202302030/images/headshots/b0b4fd3e_2022.jpg
202,Bukayo Saka,https://fbref.com/req/202302030/images/headshots/bc7dc64d_2022.jpg
203,Kieran Trippier,https://fbref.com/req/202302030/images/headshots/21512407_2022.jpg
204,Jude Bellingham,https://fbref.com/req/202302030/images/headshots/57d88cf9_2022.jpg
205,Jordan Henderson,https://fbref.com/req/202302030/images/headshots/935e6b8f_2022.jpg
206,Trent Alexander-Arnold,https://fbref.com/req/202302030/images/headshots/cd1acf9d_2022.jpg
207,Eric Dier,https://fbref.com/req/202302030/images/headshots/ac861941_2022.jpg
208,Hugo Lloris,https://fbref.com/req/202302030/images/headshots/8f62b6ee_2022.jpg
209,Antoine Griezmann,https://fbref.com/req/202302030/images/headshots/df69b544_2022.jpg
210,Adrien Rabiot,https://fbref.com/req/202302030/images/headshots/8794e251_2022.jpg
211,Kylian Mbappé,https://fbref.com/req/202302030/images/headshots/42fd9c7f_2022.jpg
212,Raphaël Varane,https://fbref.com/req/202302030/images/headshots/9f8e9423_2022.jpg
213,Kingsley Coman,https://fbref.com/req/202302030/images/headshots/042e8a49_2022.jpg
214,Lucas Hernández,https://fbref.com/req/202302030/images/headshots/c3ee18ef_2022.jpg
215,Jules Koundé,https://fbref.com/req/202302030/images/headshots/4d1666ff_2022.jpg
216,Aurélien Tchouaméni,https://fbref.com/req/202302030/images/headshots/4f255115_2022.jpg
217,Benjamin Pavard,https://fbref.com/req/202302030/images/headshots/45a03961_2022.jpg
218,Theo Hernández,https://fbref.com/req/202302030/images/headshots/d4c9725f_2022.jpg
219,Dayot Upamecano,https://fbref.com/req/202302030/images/headshots/d248cd8f_2022.jpg
220,Ousmane Dembélé,https://fbref.com/req/202302030/images/headshots/b19db005_2022.jpg
221,Olivier Giroud,https://fbref.com/req/202302030/images/headshots/16ceb862_2022.jpg
222,Jordan Veretout,https://fbref.com/req/202302030/images/headshots/4a56052c_2022.jpg
223,Mattéo Guendouzi,https://fbref.com/req/202302030/images/headshots/5ea8ef20_2022.jpg
224,Steve Mandanda,https://fbref.com/req/202302030/images/headshots/1d2d5cc8_2022.jpg
225,Leroy Sané,https://fbref.com/req/202302030/images/headshots/2b114be3_2022.jpg
226,Joshua Kimmich,https://fbref.com/req/202302030/images/headshots/49296448_2022.jpg
227,Leon Goretzka,https://fbref.com/req/202302030/images/headshots/cc86b9a3_2022.jpg
228,Antonio Rüdiger,https://fbref.com/req/202302030/images/headshots/18b896d6_2022.jpg
229,Thilo Kehrer,https://fbref.com/req/202302030/images/headshots/51dbeea9_2022.jpg
230,İlkay Gündoğan,https://fbref.com/req/202302030/images/headshots/819b3158_2022.jpg
231,Serge Gnabry,https://fbref.com/req/202302030/images/headshots/88e357ef_2022.jpg
232,Manuel Neuer,https://fbref.com/req/202302030/images/headshots/8778c910_2022.jpg
233,Kai Havertz,https://fbref.com/req/202302030/images/headshots/fed7cb61_2022.jpg
234,Niklas Süle,https://fbref.com/req/202302030/images/headshots/e33c06cf_2022.jpg
235,Jonas Hofmann,https://fbref.com/req/202302030/images/headshots/2903a856_2022.jpg
236,Matthias Ginter,https://fbref.com/req/202302030/images/headshots/f521b80a_2022.jpg
237,Lukas Klostermann,https://fbref.com/req/202302030/images/headshots/ca8033cb_2022.jpg
238,Thomas Müller,https://fbref.com/req/202302030/images/headshots/3c6089ab_2022.jpg
239,David Raum,https://fbref.com/req/202302030/images/headshots/7d450ed3_2022.jpg
240,Jamal Musiala,https://fbref.com/req/202302030/images/headshots/2c0558b8_2022.jpg
241,Nico Schlotterbeck,https://fbref.com/req/202302030/images/headshots/34e12499_2022.jpg
242,Daniel Amartey,https://fbref.com/req/202302030/images/headshots/1a4ef233_2022.jpg
243,Alexander Djiku,https://fbref.com/req/202302030/images/headshots/43e7a164_2022.jpg
244,Jordan Ayew,https://fbref.com/req/202302030/images/headshots/da052c14_2022.jpg
245,Kudus Mohammed,https://fbref.com/req/202302030/images/headshots/b62878a5_2022.jpg
246,Baba Rahman,https://fbref.com/req/202302030/images/headshots/e4086af3_2022.jpg
247,André Ayew,https://fbref.com/req/202302030/images/headshots/5dbefa9d_2022.jpg
248,Kamaldeen Sulemana,https://fbref.com/req/202302030/images/headshots/a62f8bf1_2022.jpg
249,Thomas Partey,https://fbref.com/req/202302030/images/headshots/529f49ab_2022.jpg
250,Gideon Mensah,https://fbref.com/req/202302030/images/headshots/9bdd8118_2022.jpg
251,Abdul Fatawu Issahaku,https://fbref.com/req/202302030/images/headshots/bceda5ff_2022.jpg
252,Denis Odoi,https://fbref.com/req/202302030/images/headshots/f7750aa0_2022.jpg
253,Daniel Kyereh,https://fbref.com/req/202302030/images/headshots/2770726a_2022.jpg
254,Osman Bukari,https://fbref.com/req/202302030/images/headshots/eab85789_2022.jpg
255,Lawrence Ati-Zigi,https://fbref.com/req/202302030/images/headshots/a12402c3_2022.jpg
256,Hossein Kanaanizadegan,https://fbref.com/req/202302030/images/headshots/24353c25_2022.jpg
257,Ahmad Nourollahi,https://fbref.com/req/202302030/images/headshots/2c5273b8_2022.jpg
258,Sardar Azmoun,https://fbref.com/req/202302030/images/headshots/10549b49_2022.jpg
259,Alireza Beiranvand,https://fbref.com/req/202302030/images/headshots/6ca0b04a_2022.jpg
260,Mehdi Taremi,https://fbref.com/req/202302030/images/headshots/4c2a5d34_2022.jpg
261,Sadegh Moharrami,https://fbref.com/req/202302030/images/headshots/25b74470_2022.jpg
262,Ali Gholizadeh,https://fbref.com/req/202302030/images/headshots/9fc0ac41_2022.jpg
263,Alireza Jahanbakhsh,https://fbref.com/req/202302030/images/headshots/08452314_2022.jpg
264,Saeid Ezatolahi,https://fbref.com/req/202302030/images/headshots/314d95ac_2022.jpg
265,Milad Mohammadi,https://fbref.com/req/202302030/images/headshots/740a0e28_2022.jpg
266,Ehsan Hajsafi,https://fbref.com/req/202302030/images/headshots/b060e3b8_2022.jpg
267,Saman Ghoddos,https://fbref.com/req/202302030/images/headshots/f7b1d4e0_2022.jpg
268,Majid Hosseini,https://fbref.com/req/202302030/images/headshots/d2161bae_2022.jpg
269,Ramin Rezaeian,https://fbref.com/req/202302030/images/headshots/c0ae3446_2022.jpg
